<container name="" id="" x="0" y="0" width="100" height="20">
    <drawable name="" id="scope" x="13" y="33" width="461" height="299"></drawable>
    <slider name="" id="timebase" x="12" y="368" width="463" height="22" drawlabel="true" labelColor="16777215" vertical="false" min="0.001" max="0.1" stepped="false" value="0.01" showvalue="true" bgColor="5263440" fgColor="9830400" borderColor="16777215" sliderBGUrl="" sliderFGUrl="" sliderHandleUrl=""></slider>
    <segmented name="" id="triggerDirection" x="601" y="340" width="54" height="108" drawlabel="true" labelColor="16777215" options="up|either|down" value="0" vertical="true" borderColor="0" fgColor="13107200" bgColor="4473924"></segmented>
    <pushbutton name="AUTO" id="autoCalibrate" x="516" y="421" width="41" height="24" drawlabel="true" labelColor="8383724" upImgUrl="" downImgUrl="" upColor="3817292" downColor="15344226" overColor="13421772"></pushbutton>
    <slider name="" id="verticalGain" x="502" y="32" width="28" height="297" drawlabel="true" labelColor="16777215" vertical="true" min="0" max="5" stepped="false" value="1" showvalue="false" bgColor="5263440" fgColor="9830400" borderColor="16777215" sliderBGUrl="" sliderFGUrl="" sliderHandleUrl=""></slider>
    <slider name="" id="verticalPos" x="563" y="32" width="28" height="297" drawlabel="true" labelColor="16777215" vertical="true" min="-5" max="5" stepped="false" value="0" showvalue="false" bgColor="5263440" fgColor="9830400" borderColor="16777215" sliderBGUrl="" sliderFGUrl="" sliderHandleUrl=""></slider>
    <slider name="" id="triggerLevel" x="627" y="32" width="28" height="297" drawlabel="true" labelColor="16777215" vertical="true" min="-5" max="5" stepped="false" value="0" showvalue="false" bgColor="5263440" fgColor="9830400" borderColor="16777215" sliderBGUrl="" sliderFGUrl="" sliderHandleUrl=""></slider>
    <slider name="" id="triggerHoldOff" x="11" y="419" width="463" height="22" drawlabel="true" labelColor="16777215" vertical="false" min="0" max="0.1" stepped="false" value="0.0" showvalue="true" bgColor="5263440" fgColor="9830400" borderColor="16777215" sliderBGUrl="" sliderFGUrl="" sliderHandleUrl=""></slider>
</container>
